SNP_A,SNP_B,R2
lg05_883213,lg05_915267,0.630251
lg05_915267,lg05_883213,0.630251
lg08_12252279,lg08_12451091,0.52715
lg08_12451091,lg08_12252279,0.52715
lg08_12039215,lg08_12252279,0.498441
lg08_12252279,lg08_12039215,0.498441
lg08_12039215,lg08_12451091,0.329559
lg08_12451091,lg08_12039215,0.329559
lg08_11858340,lg08_12039215,0.263982
lg08_12039215,lg08_11858340,0.263982
lg13_13346193,lg13_13347475,0.158652
lg13_13347475,lg13_13346193,0.158652
lg01_11711854,scaffold_143_267229,0.154343
scaffold_143_267229,lg01_11711854,0.154343
lg08_11858340,lg08_12252279,0.149439
lg08_12252279,lg08_11858340,0.149439
lg08_11858340,lg08_12451091,0.109093
lg08_12451091,lg08_11858340,0.109093
